-- phpMyAdmin SQL Dump
-- version 5.2.0
-- https://www.phpmyadmin.net/
--
-- Host: 127.0.0.1:3306
-- Generation Time: Nov 17, 2024 at 11:29 PM
-- Server version: 5.7.39
-- PHP Version: 8.1.9

SET SQL_MODE = "NO_AUTO_VALUE_ON_ZERO";
START TRANSACTION;
SET time_zone = "+00:00";


/*!40101 SET @OLD_CHARACTER_SET_CLIENT=@@CHARACTER_SET_CLIENT */;
/*!40101 SET @OLD_CHARACTER_SET_RESULTS=@@CHARACTER_SET_RESULTS */;
/*!40101 SET @OLD_COLLATION_CONNECTION=@@COLLATION_CONNECTION */;
/*!40101 SET NAMES utf8mb4 */;

CREATE DATABASE jmich;
USE jmich;

-- --------------------------------------------------------

--
-- Table structure for table `city`
--

CREATE TABLE `city` (
  `id` int(4) UNSIGNED NOT NULL,
  `name` varchar(255) COLLATE utf8mb4_unicode_ci NOT NULL,
  `airport_code` char(3) COLLATE utf8mb4_unicode_ci NOT NULL
) ENGINE=MyISAM DEFAULT CHARSET=utf8mb4 COLLATE=utf8mb4_unicode_ci;

--
-- Dumping data for table `city`
--

INSERT INTO `city` (`id`, `name`, `airport_code`) VALUES
(1, 'Самара', 'KUF'),
(2, 'Москва', 'SVO'),
(3, 'Гойськ', 'GOL'),
(4, 'Новосибирск', 'OVB'),
(5, 'Баку', 'GYD'),
(6, 'Дубай', 'DXB'),
(7, 'Донецк', 'DOK'),
(8, 'Пекин', 'PEK'),
(9, 'Екатеринбург', 'SVX'),
(10, 'Санкт-Петербург', 'LED'),
(11, 'Иваново', 'IWA'),
(12, 'Воронеж', 'VOZ');

-- --------------------------------------------------------

--
-- Table structure for table `client`
--

CREATE TABLE `client` (
  `id` int(4) UNSIGNED NOT NULL,
  `login` varchar(255) COLLATE utf8mb4_unicode_ci NOT NULL,
  `firstname` varchar(255) COLLATE utf8mb4_unicode_ci NOT NULL,
  `secondname` varchar(255) COLLATE utf8mb4_unicode_ci NOT NULL,
  `phone` varchar(10) COLLATE utf8mb4_unicode_ci NOT NULL,
  `email` varchar(255) COLLATE utf8mb4_unicode_ci NOT NULL,
  `password` varchar(255) COLLATE utf8mb4_unicode_ci NOT NULL,
  `avatar_src` varchar(255) COLLATE utf8mb4_unicode_ci NOT NULL DEFAULT 'http://localhost:8001/upload/user/avatar_default.jpg',
  `role` tinyint(1) UNSIGNED NOT NULL DEFAULT '0' COMMENT '0 - user, 1 - admin'
) ENGINE=MyISAM DEFAULT CHARSET=utf8mb4 COLLATE=utf8mb4_unicode_ci;

--
-- Dumping data for table `client`
--

INSERT INTO `client` (`id`, `login`, `firstname`, `secondname`, `phone`, `email`, `password`, `avatar_src`, `role`) VALUES
(1, 'ikulakov', 'Иван', 'Кулаков', '9387800043', 'kulakov@gmail.com', '$2b$08$jj7hE4DdyJbQBjwSh3/m0.Vd8MZFxcswvKIrxP4Sy.h94Af2DYn4O', 'http://localhost:8001/upload/user/971899b8-9209-400d-9a4f-85953607dbc0.png', 0),
(2, 'admin', 'Валерий', 'Жмышенко', '9370003289', 'jmich@yandex.ru', '$2b$08$98OWV3M80zO846Zvo5VcQ.o9EoQi/hFASOD/B2rWsmNRBzoZCMU7.', 'http://localhost:8001/upload/user/valery.png', 1),
(3, 'kuntZZeVich', 'Шалтай', 'Кунцевич', '9198092998', 'her2345@mail.ru', '$2b$08$H.9gNFhl5whywnEY7rP/EOSMKOehKHg7hAruF0ooy10FUROMjbyvm', 'http://localhost:8001/upload/user/0cb01b3c-3cd5-41e2-82d0-0a1714e789fa.jpg', 0),
(4, 'shot01', 'Какашки', 'Ежа', '9395684433', 'her2345@mail.ru', '$2b$08$8EwZTwDyXD/WbMHQ5dr9.OJ0yH/U85XV754PkKoj.Q.V9JQP0R5VS', 'http://localhost:8001/upload/user/7b62e489-5b76-4b45-9014-79bc5afeab19.jpg', 0),
(5, 'goydov', 'Владимир', 'Гойдов', '8926475849', 'goydov@gmail.com', '$2b$08$dHufenNx3m2oC7N6hXO09eBKCNjz6vc80EkcQaNTC2zkL86CZqEGe', 'http://localhost:8001/upload/user/a2aa099b-8a3b-44b6-a3fa-cd5a5463a75d.jpg', 0),
(6, 'golov', 'Кулак', 'Голов', '9370004545', 'kulak@example.ru', '$2b$08$Q5mPqG7CXah97s3U4nRaw.nCtE1mC2xO3.zLTvvRdAGBVWlAtWIm2', 'http://localhost:8001/upload/user/598b0b59-e42e-4def-a84a-b7a67b98b32d.jpg', 0);

-- --------------------------------------------------------

--
-- Table structure for table `company`
--

CREATE TABLE `company` (
  `id` int(4) UNSIGNED NOT NULL,
  `name` varchar(255) COLLATE utf8mb4_unicode_ci NOT NULL,
  `logo_src` varchar(255) COLLATE utf8mb4_unicode_ci NOT NULL
) ENGINE=MyISAM DEFAULT CHARSET=utf8mb4 COLLATE=utf8mb4_unicode_ci;

--
-- Dumping data for table `company`
--

INSERT INTO `company` (`id`, `name`, `logo_src`) VALUES
(1, 'Аэрофлот', 'http://localhost:8001/upload/aeroflot.png'),
(2, 'S7 Airlines', 'http://localhost:8001/upload/s7.png'),
(3, 'Qatar Airlines', 'http://localhost:8001/upload/qatar.png'),
(4, 'Nordwind Airlines', 'http://localhost:8001/upload/nordwind.png'),
(5, 'ГазПром Авиа', 'http://localhost:8001/upload/gasprom.png');

-- --------------------------------------------------------

--
-- Table structure for table `flight`
--

CREATE TABLE `flight` (
  `id` int(4) UNSIGNED NOT NULL,
  `company_id` int(4) UNSIGNED NOT NULL,
  `departure_id` int(4) UNSIGNED NOT NULL,
  `arrival_id` int(4) UNSIGNED NOT NULL,
  `departure_datetime` datetime NOT NULL,
  `arrival_datetime` datetime NOT NULL,
  `route_code` varchar(4) COLLATE utf8mb4_unicode_ci NOT NULL DEFAULT 'B275',
  `seats_available` tinyint(2) UNSIGNED NOT NULL DEFAULT '32',
  `price` int(6) UNSIGNED DEFAULT '1000',
  `status` tinyint(1) DEFAULT '1' COMMENT '0 - completed\r\n1 - active\r\n2 - delayed\r\n4 - cancelled'
) ENGINE=MyISAM DEFAULT CHARSET=utf8mb4 COLLATE=utf8mb4_unicode_ci;

--
-- Dumping data for table `flight`
--

INSERT INTO `flight` (`id`, `company_id`, `departure_id`, `arrival_id`, `departure_datetime`, `arrival_datetime`, `route_code`, `seats_available`, `price`, `status`) VALUES
(9, 1, 2, 5, '2024-11-19 02:28:23', '2024-11-19 11:42:55', 'M134', 32, 4588, 1),
(10, 5, 6, 7, '2024-11-19 00:38:15', '2024-11-19 19:12:05', 'C814', 35, 6415, 4),
(12, 1, 8, 3, '2024-11-18 23:42:14', '2024-11-19 22:43:34', 'X370', 36, 6814, 4),
(13, 4, 3, 4, '2024-11-19 23:55:42', '2024-11-20 04:12:25', 'V368', 35, 5986, 1),
(14, 4, 1, 3, '2024-11-20 02:48:22', '2024-11-20 21:29:39', 'E192', 35, 5980, 1),
(15, 5, 10, 2, '2024-11-20 00:28:50', '2024-11-20 21:36:25', 'L632', 33, 6553, 1),
(16, 3, 6, 1, '2024-11-20 01:56:14', '2024-11-21 00:09:06', 'H863', 32, 3118, 1),
(17, 1, 9, 2, '2024-11-21 02:17:07', '2024-11-21 12:23:16', 'B43', 32, 6934, 1),
(18, 2, 8, 1, '2024-11-21 01:45:10', '2024-11-21 22:15:45', 'U192', 33, 3499, 1),
(19, 5, 7, 11, '2024-11-21 03:16:44', '2024-11-21 20:50:31', 'V644', 34, 4299, 1),
(20, 2, 3, 5, '2024-11-21 00:52:17', '2024-11-21 06:38:32', 'S496', 35, 5293, 1),
(21, 5, 1, 10, '2024-11-21 23:56:57', '2024-11-22 05:43:29', 'I69', 33, 4664, 1),
(22, 1, 5, 8, '2024-11-22 01:43:36', '2024-11-22 23:28:07', 'N73', 36, 6101, 1),
(23, 2, 7, 8, '2024-11-22 02:16:21', '2024-11-22 21:18:05', 'R755', 33, 6547, 1),
(24, 2, 3, 8, '2024-11-22 00:32:21', '2024-11-22 03:01:31', 'H90', 34, 3591, 1),
(25, 4, 10, 11, '2024-11-22 23:49:44', '2024-11-23 11:44:11', 'K469', 36, 5985, 1),
(26, 4, 10, 7, '2024-11-22 23:06:13', '2024-11-23 08:42:39', 'I144', 33, 3198, 1),
(27, 4, 11, 2, '2024-11-23 03:06:46', '2024-11-23 09:34:49', 'P315', 32, 6340, 1),
(28, 4, 9, 8, '2024-11-22 22:44:12', '2024-11-23 04:51:55', 'V877', 32, 4610, 1),
(29, 1, 10, 4, '2024-11-24 02:23:45', '2024-11-24 17:48:11', 'D111', 34, 5643, 1),
(30, 5, 1, 9, '2024-11-24 00:47:47', '2024-11-24 20:16:43', 'F63', 34, 6511, 1),
(31, 3, 3, 8, '2024-11-24 01:10:13', '2024-11-24 09:23:29', 'M260', 36, 4585, 1),
(32, 2, 1, 9, '2024-11-23 23:33:18', '2024-11-24 11:55:57', 'V580', 36, 3436, 1),
(33, 4, 1, 8, '2024-11-25 00:50:21', '2024-11-25 16:29:10', 'S312', 34, 6355, 1),
(34, 5, 2, 8, '2024-11-25 02:25:52', '2024-11-25 15:25:20', 'P600', 32, 3728, 1),
(35, 1, 7, 1, '2024-11-25 00:29:28', '2024-11-25 03:22:07', 'P928', 32, 6392, 1),
(36, 3, 2, 4, '2024-11-25 01:22:04', '2024-11-26 00:58:35', 'N330', 35, 6919, 1),
(37, 4, 1, 3, '2024-11-25 23:03:38', '2024-11-26 06:39:25', 'A850', 36, 5544, 1),
(38, 4, 2, 4, '2024-11-26 01:46:45', '2024-11-26 21:36:59', 'K269', 36, 4184, 1),
(39, 2, 9, 3, '2024-11-26 01:49:51', '2024-11-26 12:03:02', 'E345', 33, 3997, 1),
(40, 5, 1, 2, '2024-11-26 01:15:12', '2024-11-26 11:05:33', 'Q435', 35, 6675, 1),
(41, 1, 3, 7, '2024-11-26 23:41:51', '2024-11-27 23:26:47', 'N581', 34, 4573, 1),
(42, 2, 2, 5, '2024-11-27 02:35:45', '2024-11-27 15:27:31', 'M325', 35, 4981, 1),
(43, 5, 4, 10, '2024-11-27 01:25:50', '2024-11-28 00:03:42', 'O901', 33, 3738, 1),
(44, 3, 10, 1, '2024-11-26 22:56:08', '2024-11-27 16:33:13', 'G473', 35, 4745, 1),
(45, 4, 9, 6, '2024-11-28 00:31:25', '2024-11-28 14:40:25', 'E123', 33, 5379, 1),
(46, 2, 8, 5, '2024-11-28 01:53:27', '2024-11-28 15:53:09', 'C794', 36, 3915, 1),
(47, 1, 1, 7, '2024-11-28 01:25:44', '2024-11-29 00:36:59', 'R185', 35, 5552, 1),
(48, 5, 1, 7, '2024-11-27 23:31:06', '2024-11-28 07:32:43', 'Y510', 36, 6587, 1),
(49, 1, 2, 9, '2024-11-29 02:50:42', '2024-11-29 13:56:50', 'I814', 34, 6882, 1),
(50, 3, 8, 7, '2024-11-29 02:18:54', '2024-11-29 19:50:20', 'L755', 35, 5149, 1),
(51, 2, 8, 6, '2024-11-29 00:30:28', '2024-11-29 09:15:51', 'M29', 32, 3586, 1),
(52, 2, 10, 5, '2024-11-29 00:04:58', '2024-11-29 22:08:29', 'A556', 33, 3123, 1),
(53, 2, 9, 11, '2024-11-30 00:20:29', '2024-11-30 21:09:36', 'L497', 35, 6397, 1),
(54, 1, 10, 4, '2024-11-30 02:10:42', '2024-11-30 22:35:27', 'D961', 35, 5014, 1),
(55, 3, 2, 4, '2024-11-29 23:42:14', '2024-11-30 14:37:23', 'H307', 35, 5017, 1),
(56, 4, 2, 5, '2024-11-29 22:52:48', '2024-11-30 10:04:14', 'N199', 35, 6917, 1),
(57, 5, 1, 11, '2024-11-30 23:04:34', '2024-12-01 15:22:25', 'R182', 32, 6746, 1),
(58, 2, 9, 3, '2024-12-01 02:07:23', '2024-12-01 23:25:53', 'V515', 33, 6544, 1),
(59, 3, 11, 2, '2024-12-01 01:09:09', '2024-12-01 15:19:18', 'B655', 36, 4031, 1),
(60, 1, 9, 3, '2024-11-30 22:24:02', '2024-12-01 09:44:18', 'U15', 33, 6061, 1),
(61, 5, 11, 10, '2024-12-02 02:17:25', '2024-12-03 01:25:35', 'Z74', 36, 6153, 1),
(62, 1, 3, 5, '2024-12-02 00:32:01', '2024-12-02 12:13:17', 'X940', 32, 4132, 1),
(63, 5, 9, 7, '2024-12-02 02:10:47', '2024-12-02 05:00:18', 'S272', 32, 5740, 1),
(64, 1, 3, 2, '2024-12-02 03:20:24', '2024-12-02 15:25:02', 'M23', 32, 3980, 1),
(65, 4, 11, 7, '2024-12-03 00:38:47', '2024-12-03 03:34:45', 'H827', 36, 3328, 1),
(66, 4, 6, 2, '2024-12-02 22:37:30', '2024-12-03 03:57:11', 'A725', 33, 6727, 1),
(67, 2, 10, 11, '2024-12-03 02:26:44', '2024-12-04 01:45:53', 'A458', 32, 4538, 1),
(68, 1, 9, 3, '2024-12-03 02:04:37', '2024-12-03 16:56:10', 'S823', 35, 5894, 1),
(69, 1, 10, 5, '2024-12-03 22:25:45', '2024-12-04 03:35:16', 'M547', 35, 3047, 1),
(70, 1, 3, 11, '2024-12-04 02:49:45', '2024-12-04 16:03:33', 'P41', 34, 5604, 1),
(71, 3, 9, 3, '2024-12-04 00:11:32', '2024-12-04 19:42:22', 'Q952', 35, 3443, 1),
(72, 2, 1, 10, '2024-12-04 03:12:39', '2024-12-04 09:09:45', 'A807', 34, 3304, 1),
(73, 1, 4, 10, '2024-12-04 23:14:39', '2024-12-05 03:27:36', 'N710', 33, 5465, 1),
(74, 1, 2, 11, '2024-12-05 01:39:56', '2024-12-05 21:51:56', 'B998', 34, 5339, 1),
(75, 2, 6, 8, '2024-12-05 01:12:48', '2024-12-05 17:24:10', 'P124', 34, 4668, 1),
(76, 3, 3, 11, '2024-12-04 23:04:56', '2024-12-05 12:27:34', 'N780', 35, 4938, 1),
(77, 5, 3, 2, '2024-12-06 00:15:52', '2024-12-06 12:49:05', 'D863', 32, 4932, 1),
(78, 1, 5, 11, '2024-12-06 02:49:26', '2024-12-06 22:29:25', 'T588', 36, 3352, 1),
(79, 2, 6, 7, '2024-12-05 23:13:41', '2024-12-06 01:38:49', 'F206', 34, 5873, 1),
(80, 2, 10, 5, '2024-12-06 01:08:38', '2024-12-06 11:59:00', 'N225', 33, 3301, 1),
(81, 2, 7, 7, '2024-12-07 01:09:11', '2024-12-07 10:01:25', 'V536', 34, 3503, 1),
(82, 5, 7, 5, '2024-12-07 01:12:01', '2024-12-07 16:03:09', 'H811', 32, 4072, 1),
(83, 2, 4, 1, '2024-12-06 22:29:36', '2024-12-07 15:37:26', 'I776', 32, 4085, 1),
(84, 1, 9, 1, '2024-12-06 23:13:17', '2024-12-07 02:04:03', 'G507', 32, 6606, 1),
(85, 3, 8, 9, '2024-12-08 02:22:49', '2024-12-08 08:50:37', 'B995', 36, 5477, 1),
(86, 1, 9, 11, '2024-12-07 22:42:19', '2024-12-08 22:40:48', 'Z655', 36, 4967, 1),
(87, 5, 4, 5, '2024-12-08 03:05:57', '2024-12-08 12:06:32', 'T594', 36, 4170, 1),
(88, 5, 6, 11, '2024-12-08 02:40:57', '2024-12-08 21:58:17', 'N616', 33, 5775, 1),
(89, 2, 10, 8, '2024-12-09 01:18:42', '2024-12-09 08:33:38', 'Y937', 33, 4876, 1),
(90, 4, 7, 2, '2024-12-09 01:18:54', '2024-12-09 15:39:50', 'K889', 34, 4188, 1),
(91, 1, 7, 9, '2024-12-09 03:09:12', '2024-12-09 13:42:08', 'G294', 36, 5610, 1),
(92, 5, 9, 1, '2024-12-09 01:01:48', '2024-12-09 20:00:22', 'O293', 35, 5763, 1),
(93, 4, 9, 2, '2024-12-10 02:35:45', '2024-12-10 09:28:43', 'N708', 33, 6182, 1),
(94, 4, 4, 10, '2024-12-10 01:59:02', '2024-12-10 10:02:23', 'G647', 33, 3793, 1),
(95, 3, 3, 5, '2024-12-10 01:55:37', '2024-12-10 20:23:27', 'A412', 36, 3662, 1),
(96, 3, 10, 2, '2024-12-10 01:17:31', '2024-12-10 09:28:30', 'W566', 36, 5070, 1),
(97, 3, 1, 5, '2024-12-11 02:09:33', '2024-12-11 13:51:44', 'I937', 33, 4895, 1),
(98, 3, 2, 4, '2024-12-10 23:09:51', '2024-12-11 20:25:42', 'R202', 36, 5263, 1),
(99, 2, 10, 5, '2024-12-10 23:01:47', '2024-12-11 16:41:58', 'B436', 32, 3641, 1),
(100, 4, 8, 10, '2024-12-11 01:59:42', '2024-12-12 01:36:53', 'E973', 33, 3120, 1),
(101, 3, 9, 4, '2024-12-12 03:16:23', '2024-12-13 01:31:34', 'E489', 32, 6467, 1),
(102, 5, 8, 5, '2024-12-11 23:35:35', '2024-12-12 22:04:40', 'U627', 34, 3017, 1),
(103, 3, 2, 3, '2024-12-12 02:09:56', '2024-12-12 17:50:02', 'D638', 33, 6797, 1),
(104, 4, 2, 8, '2024-12-11 22:56:31', '2024-12-12 15:13:22', 'F957', 34, 4039, 1),
(105, 2, 11, 4, '2024-12-12 22:37:19', '2024-12-13 14:07:20', 'T608', 32, 6633, 1),
(106, 3, 8, 11, '2024-12-13 03:08:18', '2024-12-13 09:02:58', 'F486', 35, 3747, 1),
(107, 3, 2, 3, '2024-12-13 00:12:28', '2024-12-13 05:55:42', 'W386', 36, 3439, 1),
(108, 5, 5, 1, '2024-12-12 23:02:06', '2024-12-13 20:51:50', 'M761', 35, 3834, 1),
(109, 5, 7, 4, '2024-12-14 00:52:54', '2024-12-14 21:16:26', 'U541', 34, 5723, 1),
(110, 2, 2, 7, '2024-12-14 03:13:35', '2024-12-15 01:03:49', 'C500', 35, 6431, 1),
(111, 2, 10, 5, '2024-12-13 22:32:16', '2024-12-14 12:20:55', 'X910', 36, 6186, 1),
(112, 4, 5, 2, '2024-12-14 02:47:00', '2024-12-14 09:17:23', 'C667', 33, 6574, 1),
(113, 5, 1, 6, '2024-12-15 03:10:46', '2024-12-16 00:41:59', 'R325', 32, 4622, 1),
(114, 1, 8, 7, '2024-12-15 00:37:56', '2024-12-15 04:26:49', 'S950', 36, 3643, 1),
(115, 5, 6, 5, '2024-12-15 00:04:21', '2024-12-15 06:33:57', 'I402', 34, 4528, 1),
(116, 4, 4, 11, '2024-12-15 01:43:01', '2024-12-15 23:12:47', 'D548', 34, 4439, 1),
(117, 3, 9, 8, '2024-12-16 00:00:07', '2024-12-16 18:47:34', 'G305', 32, 4410, 1),
(118, 1, 3, 8, '2024-12-15 22:52:06', '2024-12-16 01:31:37', 'Q22', 36, 3757, 1),
(119, 1, 11, 10, '2024-12-15 23:40:50', '2024-12-16 20:16:48', 'S213', 35, 6481, 1),
(120, 4, 6, 1, '2024-12-16 02:31:12', '2024-12-16 04:31:39', 'D555', 33, 4718, 1),
(125, 1, 3, 6, '2024-11-19 02:04:23', '2024-11-19 09:11:41', 'B57', 35, 5841, 2),
(127, 5, 2, 10, '2024-11-20 02:32:02', '2024-11-20 16:04:19', 'O763', 32, 5837, 1),
(128, 1, 11, 6, '2024-11-19 23:29:22', '2024-11-20 10:26:33', 'Q473', 31, 6095, 1),
(129, 3, 8, 6, '2024-11-21 02:17:15', '2024-11-21 17:01:51', 'F986', 34, 5503, 1),
(130, 3, 10, 7, '2024-11-21 01:25:56', '2024-11-21 06:29:09', 'A731', 32, 3459, 1),
(131, 5, 9, 8, '2024-11-22 01:20:34', '2024-11-22 17:28:13', 'P224', 33, 4240, 1),
(132, 2, 4, 8, '2024-11-21 23:31:48', '2024-11-22 21:32:33', 'E813', 33, 5024, 1),
(133, 1, 4, 2, '2024-11-23 02:19:55', '2024-11-24 01:45:06', 'Q31', 33, 4947, 1),
(134, 5, 10, 3, '2024-11-23 01:13:41', '2024-11-23 15:31:14', 'E281', 35, 4755, 1),
(135, 2, 9, 8, '2024-11-24 00:26:15', '2024-11-24 09:24:00', 'S852', 35, 3599, 1),
(136, 5, 8, 4, '2024-11-24 01:39:00', '2024-11-24 16:28:54', 'W166', 33, 6864, 1),
(137, 4, 2, 4, '2024-11-25 02:50:05', '2024-11-25 13:48:20', 'R651', 33, 4312, 1),
(138, 2, 3, 7, '2024-11-24 23:29:23', '2024-11-25 11:26:31', 'M566', 32, 3271, 1),
(139, 5, 4, 9, '2024-11-26 01:04:07', '2024-11-26 18:49:56', 'H139', 35, 3788, 1),
(140, 2, 6, 7, '2024-11-25 23:45:35', '2024-11-26 19:05:56', 'B646', 32, 4971, 1),
(141, 2, 1, 7, '2024-11-27 02:07:21', '2024-11-27 15:58:26', 'U514', 34, 3831, 1),
(142, 1, 3, 5, '2024-11-27 03:02:00', '2024-11-27 17:27:28', 'N523', 35, 4395, 1),
(143, 1, 3, 7, '2024-11-28 03:02:31', '2024-11-28 23:11:27', 'U671', 32, 3963, 1),
(144, 4, 4, 5, '2024-11-28 01:20:43', '2024-11-28 11:13:05', 'G184', 34, 6117, 1),
(145, 3, 5, 4, '2024-11-29 00:07:01', '2024-11-29 17:02:16', 'Z908', 32, 3650, 1),
(146, 3, 7, 1, '2024-11-28 22:51:53', '2024-11-29 07:28:56', 'E657', 34, 5762, 1),
(147, 5, 8, 10, '2024-11-29 23:21:42', '2024-11-30 10:50:36', 'Y91', 34, 6802, 1),
(148, 5, 7, 5, '2024-11-30 01:01:38', '2024-11-30 10:08:17', 'M24', 35, 5694, 1),
(149, 2, 7, 8, '2024-12-01 03:17:33', '2024-12-01 19:03:45', 'M202', 33, 6892, 1),
(150, 3, 1, 10, '2024-12-01 02:49:45', '2024-12-01 05:53:46', 'D481', 35, 4966, 1),
(151, 4, 6, 8, '2024-12-01 23:41:01', '2024-12-02 08:09:00', 'D293', 36, 4991, 1),
(152, 5, 8, 2, '2024-12-02 03:20:15', '2024-12-02 13:48:42', 'K637', 33, 5064, 1),
(153, 4, 3, 6, '2024-12-02 23:20:04', '2024-12-03 14:24:38', 'O968', 35, 5370, 1),
(154, 5, 7, 2, '2024-12-03 00:23:42', '2024-12-03 05:01:35', 'P369', 32, 5609, 1),
(155, 5, 8, 9, '2024-12-03 23:27:27', '2024-12-04 17:26:58', 'X282', 36, 6304, 1),
(156, 2, 8, 3, '2024-12-04 03:02:12', '2024-12-04 22:07:50', 'E864', 32, 3898, 1),
(157, 3, 2, 1, '2024-12-05 01:49:22', '2024-12-06 00:27:54', 'L723', 32, 6204, 1),
(158, 2, 5, 6, '2024-12-04 23:29:24', '2024-12-05 08:27:48', 'I905', 34, 4924, 1),
(159, 5, 5, 7, '2024-12-06 03:29:09', '2024-12-06 20:36:38', 'K877', 35, 5783, 1),
(160, 5, 2, 8, '2024-12-05 22:51:40', '2024-12-06 09:57:42', 'M124', 32, 6945, 1),
(161, 4, 8, 10, '2024-12-06 23:35:09', '2024-12-07 04:55:32', 'W858', 35, 5161, 1),
(162, 2, 9, 2, '2024-12-06 22:44:37', '2024-12-07 08:15:12', 'G200', 32, 5035, 1),
(163, 1, 7, 2, '2024-12-08 03:01:02', '2024-12-08 19:01:28', 'G305', 32, 3866, 1),
(164, 4, 3, 6, '2024-12-08 00:30:36', '2024-12-08 23:29:08', 'M510', 35, 4601, 1),
(165, 5, 4, 1, '2024-12-08 23:19:24', '2024-12-09 06:09:38', 'S841', 34, 3853, 1),
(166, 5, 9, 7, '2024-12-09 01:22:05', '2024-12-09 18:53:25', 'U760', 33, 5957, 1),
(167, 2, 3, 11, '2024-12-10 01:13:07', '2024-12-10 07:19:50', 'M989', 33, 4875, 1),
(168, 2, 8, 9, '2024-12-09 22:43:20', '2024-12-10 05:48:10', 'W760', 34, 5982, 1),
(169, 1, 9, 3, '2024-12-10 22:43:04', '2024-12-11 13:54:10', 'V947', 36, 4261, 1),
(170, 3, 8, 4, '2024-12-11 02:08:09', '2024-12-11 20:45:59', 'V386', 35, 6380, 1),
(171, 4, 3, 7, '2024-12-12 01:36:08', '2024-12-12 12:12:08', 'Q609', 34, 3393, 1),
(172, 5, 5, 4, '2024-12-12 03:27:35', '2024-12-12 14:39:09', 'N961', 34, 5417, 1),
(173, 1, 8, 11, '2024-12-13 01:01:45', '2024-12-13 10:12:38', 'X176', 33, 6683, 1),
(174, 5, 11, 6, '2024-12-13 00:50:06', '2024-12-13 08:55:21', 'E227', 35, 5657, 1),
(175, 4, 3, 6, '2024-12-14 00:18:56', '2024-12-14 23:04:53', 'K659', 35, 3463, 1),
(176, 5, 10, 6, '2024-12-14 03:28:19', '2024-12-15 01:34:04', 'Z43', 34, 3929, 1),
(177, 2, 9, 8, '2024-12-15 03:02:23', '2024-12-16 00:19:34', 'C786', 34, 6463, 1),
(178, 5, 7, 10, '2024-12-14 23:05:57', '2024-12-15 01:36:41', 'V340', 36, 3960, 1),
(179, 4, 5, 9, '2024-12-16 02:47:27', '2024-12-16 20:15:06', 'Q481', 34, 4740, 4),
(180, 4, 5, 8, '2024-12-15 23:08:55', '2024-12-16 09:22:46', 'D20', 32, 6319, 1);

-- --------------------------------------------------------

--
-- Table structure for table `payment`
--

CREATE TABLE `payment` (
  `id` int(4) UNSIGNED NOT NULL,
  `client_id` int(4) UNSIGNED DEFAULT NULL,
  `card_number` varchar(16) COLLATE utf8mb4_unicode_ci NOT NULL,
  `card_date` varchar(4) COLLATE utf8mb4_unicode_ci NOT NULL,
  `card_cvv` varchar(3) COLLATE utf8mb4_unicode_ci NOT NULL
) ENGINE=MyISAM DEFAULT CHARSET=utf8mb4 COLLATE=utf8mb4_unicode_ci;

--
-- Dumping data for table `payment`
--

INSERT INTO `payment` (`id`, `client_id`, `card_number`, `card_date`, `card_cvv`) VALUES
(1, 1, '7648348504593456', '0925', '343'),
(2, 2, '0909788956658877', '1126', '343'),
(3, 4, '0909992277365665', '1234', '232'),
(4, 6, '0909567689890099', '0327', '232');

-- --------------------------------------------------------

--
-- Table structure for table `promo_code`
--

CREATE TABLE `promo_code` (
  `id` int(4) UNSIGNED NOT NULL,
  `code` varchar(128) COLLATE utf8mb4_unicode_ci NOT NULL,
  `discount` decimal(3,2) UNSIGNED NOT NULL
) ENGINE=MyISAM DEFAULT CHARSET=utf8mb4 COLLATE=utf8mb4_unicode_ci;

--
-- Dumping data for table `promo_code`
--

INSERT INTO `promo_code` (`id`, `code`, `discount`) VALUES
(1, 'loprin-code', '0.13'),
(2, 'shaltay', '0.12');

-- --------------------------------------------------------

--
-- Table structure for table `purchase`
--

CREATE TABLE `purchase` (
  `id` int(4) UNSIGNED NOT NULL,
  `flight_id` int(4) UNSIGNED DEFAULT NULL,
  `client_id` int(4) UNSIGNED DEFAULT NULL,
  `seats_purchased` tinyint(2) UNSIGNED DEFAULT '1',
  `total_cost` int(9) UNSIGNED DEFAULT NULL,
  `created` datetime NOT NULL DEFAULT CURRENT_TIMESTAMP,
  `qr_url` varchar(512) COLLATE utf8mb4_unicode_ci NOT NULL DEFAULT 'http://localhost:8001/upload/codes/order_code.png',
  `status` tinyint(1) UNSIGNED NOT NULL DEFAULT '1' COMMENT '1 - default\r\n0 - cancelled\r\n'
) ENGINE=MyISAM DEFAULT CHARSET=utf8mb4 COLLATE=utf8mb4_unicode_ci;

--
-- Dumping data for table `purchase`
--

INSERT INTO `purchase` (`id`, `flight_id`, `client_id`, `seats_purchased`, `total_cost`, `created`, `qr_url`, `status`) VALUES
(1, 157, 1, 1, 5397, '2024-11-16 21:46:37', 'http://localhost:8001/upload/codes/120d721c-2e7e-42ba-97d2-6133b63a8cce.png', 1),
(2, 179, 2, 2, 8342, '2024-11-16 21:48:21', 'http://localhost:8001/upload/codes/bc2172d7-b2ca-4c7f-97fe-24055df825b4.png', 0),
(3, 67, 2, 2, 7896, '2024-11-16 21:48:54', 'http://localhost:8001/upload/codes/982aa6d5-6e69-401b-bcc4-798485340eb7.png', 0),
(4, 9, 2, 1, 4588, '2024-11-16 21:54:36', 'http://localhost:8001/upload/codes/95ad4236-c269-4374-a625-5f4e6b6f4208.png', 0),
(5, 105, 2, 1, 5837, '2024-11-16 21:55:04', 'http://localhost:8001/upload/codes/2adc2779-8089-4bfe-9a0f-81c47b9317b4.png', 0),
(6, 140, 4, 1, 4325, '2024-11-16 21:57:36', 'http://localhost:8001/upload/codes/6ad02da0-e4a4-4a9f-b408-86f3cf5adba5.png', 1),
(7, 18, 4, 1, 3079, '2024-11-16 21:58:35', 'http://localhost:8001/upload/codes/e098234a-82cd-4fbe-bc20-4ca56cd92584.png', 1),
(8, 2, 6, 1, 4505, '2024-11-16 22:21:51', 'http://localhost:8001/upload/codes/9322816f-9692-449c-a3fc-22fb92ec86ba.png', 0),
(9, 14, 2, 3, 17940, '2024-11-17 14:26:10', 'http://localhost:8001/upload/codes/c1f42b00-03d2-4eca-8843-d7bd07e31822.png', 0),
(10, 37, 1, 1, 4823, '2024-11-17 15:32:45', 'http://localhost:8001/upload/codes/c80bb01d-0070-45dc-8b7d-e6381a2cc1a7.png', 0),
(11, 37, 2, 1, 4823, '2024-11-17 19:26:14', 'http://localhost:8001/upload/codes/ef0270fb-a6c5-49d4-928f-9d6332a7163e.png', 0),
(12, 128, 2, 2, 12190, '2024-11-17 22:56:04', 'http://localhost:8001/upload/codes/924ab10b-c8b2-45a3-922f-30c9e3edc8e8.png', 1),
(13, 16, 2, 2, 6236, '2024-11-17 22:56:16', 'http://localhost:8001/upload/codes/1ca42059-f9a5-4ed5-af0f-919cab6a79ea.png', 1);

--
-- Indexes for dumped tables
--

--
-- Indexes for table `city`
--
ALTER TABLE `city`
  ADD PRIMARY KEY (`id`);

--
-- Indexes for table `client`
--
ALTER TABLE `client`
  ADD PRIMARY KEY (`id`);

--
-- Indexes for table `company`
--
ALTER TABLE `company`
  ADD PRIMARY KEY (`id`);

--
-- Indexes for table `flight`
--
ALTER TABLE `flight`
  ADD PRIMARY KEY (`id`);

--
-- Indexes for table `payment`
--
ALTER TABLE `payment`
  ADD PRIMARY KEY (`id`);

--
-- Indexes for table `promo_code`
--
ALTER TABLE `promo_code`
  ADD PRIMARY KEY (`id`);

--
-- Indexes for table `purchase`
--
ALTER TABLE `purchase`
  ADD PRIMARY KEY (`id`);

--
-- AUTO_INCREMENT for dumped tables
--

--
-- AUTO_INCREMENT for table `city`
--
ALTER TABLE `city`
  MODIFY `id` int(4) UNSIGNED NOT NULL AUTO_INCREMENT, AUTO_INCREMENT=13;

--
-- AUTO_INCREMENT for table `client`
--
ALTER TABLE `client`
  MODIFY `id` int(4) UNSIGNED NOT NULL AUTO_INCREMENT, AUTO_INCREMENT=7;

--
-- AUTO_INCREMENT for table `company`
--
ALTER TABLE `company`
  MODIFY `id` int(4) UNSIGNED NOT NULL AUTO_INCREMENT, AUTO_INCREMENT=6;

--
-- AUTO_INCREMENT for table `flight`
--
ALTER TABLE `flight`
  MODIFY `id` int(4) UNSIGNED NOT NULL AUTO_INCREMENT, AUTO_INCREMENT=181;

--
-- AUTO_INCREMENT for table `payment`
--
ALTER TABLE `payment`
  MODIFY `id` int(4) UNSIGNED NOT NULL AUTO_INCREMENT, AUTO_INCREMENT=5;

--
-- AUTO_INCREMENT for table `promo_code`
--
ALTER TABLE `promo_code`
  MODIFY `id` int(4) UNSIGNED NOT NULL AUTO_INCREMENT, AUTO_INCREMENT=3;

--
-- AUTO_INCREMENT for table `purchase`
--
ALTER TABLE `purchase`
  MODIFY `id` int(4) UNSIGNED NOT NULL AUTO_INCREMENT, AUTO_INCREMENT=14;
COMMIT;

/*!40101 SET CHARACTER_SET_CLIENT=@OLD_CHARACTER_SET_CLIENT */;
/*!40101 SET CHARACTER_SET_RESULTS=@OLD_CHARACTER_SET_RESULTS */;
/*!40101 SET COLLATION_CONNECTION=@OLD_COLLATION_CONNECTION */;
